Sample,Species,Record ID,Max Distance,Number of Contigs,Number of Contigs <1000 bp
GCF_003994075_1_ASM399407v1_genomic,Brucella abortus,NZ_JZHP,7.82718e-05,19.0,0.0
GCF_000365625_1_Bruc_abor_LEVI237_V1_genomic,Brucella abortus,NZ_AQMJ,0.000156838,4.0,0.0
GCF_006517315_1_ASM651731v1_genomic,Brucella melitensis,NZ_QVZH,0.000156838,28.0,2.0
GCF_000370445_1_Bruc_abor_F6_05-3_V1_genomic,Brucella abortus,NZ_KB85,0.000235701,13.0,0.0
GCF_006517335_1_ASM651733v1_genomic,Brucella melitensis,NZ_QVZM,0.000156838,36.0,2.0
GCF_000370065_1_Bruc_abor_63_294_V1_genomic,Brucella abortus,NZ_KB85,0.00128871,32.0,0.0
GCF_006507665_1_ASM650766v1_genomic,Brucella melitensis,NZ_QVZP,0.000156838,29.0,2.0
GCF_001715365_1_ASM171536v1_genomic,Brucella canis,NZ_CP01,0.0,2.0,0.0
GCF_000348645_1_MD5v1_genomic,Brucella melitensis,NZ_AONT,7.82718e-05,91.0,0.0
GCF_000369905_1_Bruc_abor_225_65_V1_genomic,Brucella abortus,NZ_KB85,0.0,3.0,0.0
GCF_000480295_1_Bruc_cani_04-2330-1_V1_genomic,Brucella canis,NZ_AXNG,0.0,4.0,0.0
GCF_006506485_1_ASM650648v1_genomic,Brucella melitensis,NZ_QWAE,0.000235701,63.0,3.0
GCF_000365645_1_Bruc_abor_levi_gila_V1_genomic,Brucella abortus,NZ_AQMI,0.0,6.0,0.0
GCF_004168645_1_ASM416864v1_genomic,Brucella abortus,NZ_SDVZ,7.82718e-05,115.0,11.0
GCF_900236555_1_Bru_genome5_genomic,Brucella melitensis,NZ_LT96,0.000394323,2.0,0.0
GCF_900446005_1_58116_B01_genomic,Brucella abortus,NZ_UFTU,0.000156838,2.0,0.0
GCF_000157735_1_ASM15773v1_genomic,Brucella abortus,NZ_DS99,0.000156838,21.0,8.0
GCF_002150445_1_ASM215044v1_genomic,Brucella melitensis,NZ_MRUQ,0.000156838,41.0,5.0
GCF_002895145_1_ASM289514v1_genomic,Brucella abortus,NZ_CP02,0.0,2.0,0.0
GCF_001402095_1_ASM140209v1_genomic,Brucella abortus,NZ_LJDE,7.82718e-05,9.0,0.0
GCF_000245895_1_Bruc_abor_bv1_NI488_V1_genomic,Brucella abortus,NZ_JH60,0.0,5.0,0.0
GCF_006506215_1_ASM650621v1_genomic,Brucella melitensis,NZ_QVYU,0.000314862,30.0,1.0
GCF_000740315_1_ASM74031v1_genomic,Brucella abortus,NZ_CP00,0.000314862,2.0,0.0
GCF_000698345_1_ASM69834v1_genomic,Brucella suis,NZ_CP00,7.82718e-05,2.0,0.0
GCF_000298575_1_V1_0_for_Brucella_canis_str_118_genomic,Brucella canis,NZ_AMOZ,0.0005541519999999999,154.0,18.0
GCF_002150355_1_ASM215035v1_genomic,Brucella melitensis,NZ_MRUP,7.82718e-05,33.0,4.0
GCF_003253375_1_ASM325337v1_genomic,Brucella abortus,NZ_QIUA,0.000156838,2.0,0.0
GCF_000480135_1_Bruc_suis_06-997-1672_V1_genomic,Brucella suis,NZ_AXMW,0.000156838,20.0,0.0
GCF_000292065_1_ASM29206v1_genomic,Brucella melitensis,NZ_ALOR,7.82718e-05,77.0,4.0
GCF_002191935_1_ASM219193v1_genomic,Brucella melitensis,NZ_CP01,0.000314862,2.0,0.0
GCF_000370405_1_Bruc_abor_F10_06-3_V1_genomic,Brucella abortus,NZ_KB85,0.000235701,5.0,0.0
GCF_003989635_1_ASM398963v1_genomic,Brucella melitensis,NZ_RZIA,0.000156838,31.0,5.0
GCF_006507585_1_ASM650758v1_genomic,Brucella melitensis,NZ_QVYN,0.000156838,24.0,2.0
GCF_000366865_1_Bruc_meli_66_59_V1_genomic,Brucella melitensis,NZ_AQND,0.0,12.0,0.0
GCF_006506785_1_ASM650678v1_genomic,Brucella melitensis,NZ_QWBQ,0.000156838,29.0,2.0
GCF_003675365_1_ASM367536v1_genomic,Brucella abortus,NZ_CP03,7.82718e-05,2.0,0.0
GCF_006507285_1_ASM650728v1_genomic,Brucella melitensis,NZ_QWBG,0.000156838,35.0,2.0
GCF_000370705_1_Bruc_meli_F9_05_V1_genomic,Brucella melitensis,NZ_KB85,7.82718e-05,12.0,0.0
GCF_001938045_1_ASM193804v1_genomic,Brucella melitensis,NZ_MLJL,0.000235701,42.0,2.0
GCF_000366725_1_Bruc_abor_NI622_V1_genomic,Brucella abortus,NZ_AQMS,0.0,2.0,0.0
GCF_000370005_1_Bruc_abor_63_138_V1_genomic,Brucella abortus,NZ_KB85,7.82718e-05,5.0,0.0
GCF_006507235_1_ASM650723v1_genomic,Brucella melitensis,NZ_QWAV,0.000156838,30.0,2.0
GCF_003994105_1_ASM399410v1_genomic,Brucella melitensis,NZ_JZHR,0.000156838,24.0,0.0
GCF_002191335_1_ASM219133v1_genomic,Brucella melitensis,NZ_CP01,0.000235701,2.0,0.0
GCF_900446145_1_59071_D01_genomic,Brucella suis,NZ_UAQV,0.000715202,18.0,0.0
GCF_001594165_1_ASM159416v1_genomic,Brucella suis,NZ_CP01,0.0,2.0,0.0
GCF_001938165_1_ASM193816v1_genomic,Brucella melitensis,NZ_MNBN,0.000235701,42.0,3.0
GCF_000209635_2_ASM20963v2_genomic,Brucella suis,NZ_AFFC,0.0,28.0,0.0
GCF_006506635_1_ASM650663v1_genomic,Brucella melitensis,NZ_QWAW,0.000235701,39.0,3.0
GCF_006506105_1_ASM650610v1_genomic,Brucella melitensis,NZ_QVYO,0.000156838,29.0,1.0
GCF_006506565_1_ASM650656v1_genomic,Brucella melitensis,NZ_QWAL,0.0005541519999999999,47.0,2.0
GCF_000163135_1_ASM16313v1_genomic,Brucella sp,NZ_GG77,0.0,17.0,6.0
GCF_000370605_1_Bruc_cani_CNGB_513_V1_genomic,Brucella canis,NZ_KB85,0.000235701,6.0,0.0
GCF_900417215_1_00-4216_genomic,Brucella melitensis,NZ_OWOQ,0.000156838,29.0,0.0
GCF_000245835_1_Bruc_abor_bv1_NI435a_V1_genomic,Brucella abortus,NZ_JH60,0.0,3.0,0.0
GCF_001702315_1_ASM170231v1_genomic,Brucella melitensis,NZ_LDTX,7.82718e-05,37.0,3.0
GCF_003194795_1_ASM319479v1_genomic,Brucella abortus,NZ_QITS,0.000156838,23.0,3.0
GCF_900236395_1_Bru_genome41_genomic,Brucella melitensis,NZ_LT96,0.000474086,2.0,0.0
GCF_006506875_1_ASM650687v1_genomic,Brucella melitensis,NZ_QVYC,0.000156838,31.0,2.0
GCF_003194765_1_ASM319476v1_genomic,Brucella abortus,NZ_QITV,0.000156838,23.0,3.0
GCF_000245955_1_Bruc_abor_bv1_NI021_V1_genomic,Brucella abortus,NZ_JH60,0.0,3.0,0.0
GCF_000292165_1_ASM29216v2_genomic,Brucella melitensis,NZ_ALOM,7.82718e-05,121.0,10.0
GCF_006506545_1_ASM650654v1_genomic,Brucella melitensis,NZ_QWAK,0.000156838,44.0,3.0
GCF_900446105_1_59302_A02_genomic,Brucella neotomae,NZ_UAQU,0.00213556,37.0,1.0
GCF_002278715_1_ASM227871v1_genomic,Brucella melitensis,NZ_NQVH,7.82718e-05,51.0,4.0
GCF_003993995_1_ASM399399v1_genomic,Brucella melitensis,NZ_JZHG,0.000156838,25.0,0.0
GCF_000365745_1_Bruc_abor_F3_01-0300_V1_genomic,Brucella abortus,NZ_AQMF,0.0,3.0,0.0
GCF_006506895_1_ASM650689v1_genomic,Brucella melitensis,NZ_QVYD,0.000314862,24.0,1.0
GCF_002994775_1_ASM299477v1_genomic,Brucella suis,NZ_NQLX,0.00204936,61.0,5.0
GCF_001715385_1_ASM171538v1_genomic,Brucella abortus,NZ_CP01,0.0,2.0,0.0
GCF_000740355_1_ASM74035v1_genomic,Brucella melitensis,NZ_CP00,0.000235701,2.0,0.0
GCF_000371105_1_Bruc_suis_63_198_V1_genomic,Brucella suis,NZ_KB85,7.82718e-05,15.0,0.0
GCF_006507815_1_ASM650781v1_genomic,Brucella melitensis,NZ_QWAM,0.000156838,31.0,1.0
GCF_900497665_1_09-369-776-1_genomic,Brucella canis,NZ_UFQW,0.0005541519999999999,33.0,0.0
GCF_000370245_1_Bruc_abor_80_28_V1_genomic,Brucella abortus,NZ_KB85,7.82718e-05,4.0,0.0
GCF_900491905_1_96-9626_genomic,Brucella canis,NZ_UEXH,0.000156838,26.0,0.0
GCF_006507645_1_ASM650764v1_genomic,Brucella melitensis,NZ_QVZF,0.000235701,34.0,15.0
GCF_002291325_1_ASM229132v1_genomic,Brucella abortus,NZ_CP02,0.000959098,2.0,0.0
GCF_001742815_1_ASM174281v1_genomic,Brucella sp,NZ_MAIL,0.0,32.0,0.0
GCF_900236365_1_Bru_genome40_genomic,Brucella melitensis,NZ_LT96,0.000474086,2.0,0.0
GCF_000413655_1_Bruc_abor_biovar_1_90-0742_V1_genomic,Brucella abortus,NZ_ATGV,0.0,5.0,0.0
GCF_000366985_1_Bruc_meli_F5_07-239A_V1_genomic,Brucella melitensis,NZ_AQNK,0.000235701,9.0,0.0
GCF_000712255_1_Bneotomae2_0_genomic,Brucella neotomae,NZ_AZBJ,0.000314862,177.0,16.0
GCF_000366365_1_Bruc_abor_80_108_V1_genomic,Brucella abortus,NZ_AQLP,0.0,3.0,0.0
GCF_000365965_1_Bruc_ovis_IntaBari-2001-319-4082_V1_genomic,Brucella ovis,NZ_AQIM,0.0,21.0,0.0
GCF_000477635_1_Bruc_abor_BC95_V1_genomic,Brucella abortus,NZ_KI51,0.000314862,69.0,0.0
GCF_000479975_1_Bruc_meli_02-7258_V1_genomic,Brucella melitensis,NZ_AXMQ,0.000156838,14.0,0.0
GCF_000367265_1_Bruc_cani_CNGB_1172_V1_genomic,Brucella canis,NZ_AQMY,0.000959098,2.0,0.0
GCF_000160255_1_ASM16025v1_genomic,Brucella abortus,NZ_GG70,0.0,16.0,8.0
GCF_006507135_1_ASM650713v1_genomic,Brucella melitensis,NZ_QVZV,0.000235701,34.0,2.0
GCF_001302545_1_ASM130254v1_genomic,Brucella melitensis,NZ_LKAW,0.0,41.0,4.0
GCF_000366465_1_Bruc_abor_90_50_V1_genomic,Brucella abortus,NZ_AQLU,7.82718e-05,4.0,0.0
GCF_000366845_1_Bruc_meli_64_150_V1_genomic,Brucella melitensis,NZ_AQNC,0.0,16.0,0.0
GCF_000007125_1_ASM712v1_genomic,Brucella melitensis,NC_0033,0.000156838,2.0,0.0
GCF_006507675_1_ASM650767v1_genomic,Brucella melitensis,NZ_QVZN,0.000156838,33.0,2.0
GCF_002191495_1_ASM219149v1_genomic,Brucella melitensis,NZ_CP01,0.000235701,2.0,0.0
GCF_001937895_1_ASM193789v1_genomic,Brucella melitensis,NZ_MKPW,0.000156838,42.0,3.0
GCF_900236465_1_Bru_genome45_genomic,Brucella melitensis,NZ_LT96,0.000394323,2.0,0.0
GCF_001402005_1_ASM140200v1_genomic,Brucella abortus,NZ_LITY,0.000156838,18.0,0.0
GCF_000366205_1_Bruc_suis_92_29_V1_genomic,Brucella suis,NZ_AQNU,0.0,10.0,0.0
GCF_006506205_1_ASM650620v1_genomic,Brucella melitensis,NZ_QVZA,0.000314862,28.0,1.0
GCF_001937915_1_ASM193791v1_genomic,Brucella melitensis,NZ_MKPX,7.82718e-05,30.0,2.0
GCF_006506135_1_ASM650613v1_genomic,Brucella melitensis,NZ_QVYV,0.000156838,28.0,3.0
GCF_000182235_1_ASM18223v1_genomic,Brucella melitensis,NZ_ACEM,7.82718e-05,60.0,7.0
GCF_000365905_1_Bruc_ovis_IntaBari-2010-47-871_V1_genomic,Brucella ovis,NZ_AQIJ,0.0,22.0,0.0
GCF_002191475_1_ASM219147v1_genomic,Brucella melitensis,NZ_CP01,0.000235701,2.0,0.0
GCF_900460605_1_58116_D02_genomic,Brucella suis,NZ_UFTY,0.0,2.0,0.0
GCF_000371165_1_Bruc_suis_F12_02_V1_genomic,Brucella suis,NZ_KB85,7.82718e-05,3.0,0.0
GCF_006507465_1_ASM650746v1_genomic,Brucella melitensis,NZ_QVXZ,0.000314862,32.0,2.0
GCF_000480035_1_Bruc_suis_06-791-1309_V1_genomic,Brucella suis,NZ_AXMT,7.82718e-05,11.0,0.0
GCF_000367065_1_Bruc_ovis_80_125_V1_genomic,Brucella ovis,NZ_AQNP,0.0,23.0,0.0
GCF_002204335_1_ASM220433v1_genomic,Brucella melitensis,NZ_NCRL,0.0,31.0,3.0
GCF_002266785_1_ASM226678v1_genomic,Brucella melitensis,NZ_NGJO,0.000156838,60.0,8.0
GCF_001938135_1_ASM193813v1_genomic,Brucella melitensis,NZ_MNBM,0.000235701,30.0,1.0
GCF_003244395_1_ASM324439v1_genomic,Brucella abortus,NZ_QKWO,0.0,44.0,5.0
GCF_002191915_1_ASM219191v1_genomic,Brucella melitensis,NZ_CP01,7.82718e-05,2.0,0.0
GCF_006507855_1_ASM650785v1_genomic,Brucella melitensis,NZ_QWAU,0.000314862,18.0,1.0
GCF_000370905_1_Bruc_ovis_81_8_V1_genomic,Brucella ovis,NZ_KB85,0.0,24.0,0.0
GCF_002191815_1_ASM219181v1_genomic,Brucella melitensis,NZ_CP01,0.000235701,2.0,0.0
GCF_001866335_1_ASM186633v1_genomic,Brucella abortus,NZ_ANOO,0.000394323,37.0,4.0
GCF_000590795_1_ASM59079v1_genomic,Brucella ceti,NC_0229,0.000394323,2.0,0.0
GCF_000367005_1_Bruc_meli_F6_05-6_V1_genomic,Brucella melitensis,NZ_AQNL,0.0,10.0,0.0
GCF_001758265_1_ASM175826v1_genomic,Brucella canis,NZ_MAXW,0.000474086,12.0,0.0
GCF_004137225_1_ASM413722v1_genomic,Brucella abortus,NZ_SDWA,7.82718e-05,43.0,7.0
GCF_000740415_1_ASM74041v1_genomic,Brucella melitensis,NZ_CP00,7.82718e-05,2.0,0.0
GCF_000413735_1_Bruc_abor_biovar_1_94-1313_V1_genomic,Brucella abortus,NZ_ATGR,0.0,5.0,0.0
GCF_000366625_1_Bruc_meli_CNGB_1076_V1_genomic,Brucella melitensis,NZ_AQNE,0.000156838,6.0,0.0
GCF_000366965_1_Bruc_meli_F3_02_V1_genomic,Brucella melitensis,NZ_AQNJ,7.82718e-05,12.0,0.0
GCF_000366265_1_Bruc_suis_CNGB_786_V1_genomic,Brucella suis,NZ_AQNX,7.82718e-05,8.0,0.0
GCF_001608355_1_BMEL002-SEQ-1-ASM-1_genomic,Brucella melitensis,NZ_LUFL,0.000314862,24.0,2.0
GCF_000479955_1_Bruc_abor_01-4165_V1_genomic,Brucella abortus,NZ_AXMP,0.0,12.0,0.0
GCF_000370565_1_Bruc_abor_R42-08_V1_genomic,Brucella abortus,NZ_KB85,0.0,4.0,0.0
GCF_003010715_1_ASM301071v1_genomic,Brucella canis,NZ_CP02,0.000394323,2.0,0.0
GCF_000018525_1_ASM1852v1_genomic,Brucella canis,NC_0101,0.0,2.0,0.0
GCF_000365865_1_Bruc_meli_B115_V1_genomic,Brucella melitensis,NZ_AQIC,0.000156838,5.0,0.0
GCF_002191675_1_ASM219167v1_genomic,Brucella melitensis,NZ_CP01,0.000235701,2.0,0.0
GCF_001937885_1_ASM193788v1_genomic,Brucella melitensis,NZ_MKQB,7.82718e-05,34.0,5.0
GCF_000158735_1_ASM15873v1_genomic,Brucella melitensis,NZ_EQ99,0.000235701,13.0,3.0
GCF_002291205_1_ASM229120v1_genomic,Brucella abortus,NZ_CP02,0.000156838,2.0,0.0
GCF_000371005_1_Bruc_sp_F8_99_V1_genomic,Brucella sp,NZ_KB85,0.0,33.0,0.0
GCF_000018905_1_ASM1890v1_genomic,Brucella suis,NC_0101,7.82718e-05,2.0,0.0
GCF_002191375_1_ASM219137v1_genomic,Brucella melitensis,NZ_CP01,0.000156838,2.0,0.0
GCF_003994175_1_ASM399417v1_genomic,Brucella suis,NZ_JZHS,0.000156838,28.0,0.0
GCF_000367045_1_Bruc_meli_UK19_04_V1_genomic,Brucella melitensis,NZ_AQNN,0.000235701,7.0,0.0
GCF_000367305_1_Bruc_cani_F7_05A_V1_genomic,Brucella canis,NZ_AQNA,0.00153929,3.0,0.0
GCF_006507295_1_ASM650729v1_genomic,Brucella melitensis,NZ_QWBE,0.000235701,30.0,3.0
GCF_006507375_1_ASM650737v1_genomic,Brucella melitensis,NZ_QVXP,0.000314862,28.0,1.0
GCF_000366645_1_Bruc_abor_NI518_V1_genomic,Brucella abortus,NZ_AQMP,0.0,2.0,0.0
GCF_000366905_1_Bruc_meli_CNGB_290_V1_genomic,Brucella melitensis,NZ_AQNG,0.000156838,9.0,0.0
GCF_002262995_1_ASM226299v1_genomic,Brucella abortus,NZ_CP02,7.82718e-05,2.0,0.0
GCF_000740945_1_ASM74094v1_genomic,Brucella abortus,NZ_CP00,0.0,2.0,0.0
GCF_000292025_1_ASM29202v2_genomic,Brucella abortus,NZ_ALOP,7.82718e-05,139.0,10.0
GCF_000366025_1_Bruc_abor_RB51_V1_genomic,Brucella abortus,NZ_AQIE,0.0,2.0,0.0
GCF_001267725_1_ASM126772v1_genomic,Brucella abortus,NZ_LIEA,7.82718e-05,49.0,7.0
GCF_000370125_1_Bruc_abor_65_157_V1_genomic,Brucella abortus,NZ_KB85,0.000156838,6.0,0.0
GCF_006506925_1_ASM650692v1_genomic,Brucella melitensis,NZ_QVYP,0.000235701,28.0,1.0
GCF_000371125_1_Bruc_suis_63_261_V1_genomic,Brucella suis,NZ_KB85,0.000235701,7.0,0.0
GCF_000685375_1_BMIND1_v1_genomic,Brucella melitensis,NZ_JMKL,7.82718e-05,99.0,3.0
GCF_000366805_1_Bruc_abor_NI649_V1_genomic,Brucella abortus,NZ_AQMX,0.0,6.0,0.0
GCF_002895105_1_ASM289510v1_genomic,Brucella melitensis,NZ_CP02,7.82718e-05,2.0,0.0
GCF_002266765_1_ASM226676v1_genomic,Brucella melitensis,NZ_NGJR,0.000156838,37.0,3.0
GCF_000480115_1_Bruc_abor_99-9971-159_V1_genomic,Brucella abortus,NZ_AXMV,7.82718e-05,21.0,0.0
GCF_003993895_1_ASM399389v1_genomic,Brucella melitensis,NZ_JZHD,7.82718e-05,24.0,0.0
GCF_006507975_1_ASM650797v1_genomic,Brucella melitensis,NZ_QWBF,0.000156838,31.0,2.0
GCF_004208655_1_ASM420865v1_genomic,Brucella melitensis,NZ_CP03,0.000156838,2.0,0.0
GCF_001043295_1_ASM104329v1_genomic,Brucella abortus,NZ_CP00,0.000156838,2.0,0.0
GCF_000007505_1_ASM750v1_genomic,Brucella suis,NC_0043,0.0,2.0,0.0
GCF_000366665_1_Bruc_abor_NI628_V1_genomic,Brucella abortus,NZ_AQMT,0.0,6.0,0.0
GCF_002245235_1_ASM224523v1_genomic,Brucella melitensis,NZ_NGAC,0.0,35.0,4.0
GCF_000371225_1_Bruc_suis_F7_06-1_V1_genomic,Brucella suis,NZ_KB85,0.000156838,3.0,0.0
GCF_006507695_1_ASM650769v1_genomic,Brucella melitensis,NZ_QVZI,0.000156838,35.0,2.0
GCF_000158715_1_ASM15871v1_genomic,Brucella neotomae,NZ_EQ99,0.000235701,11.0,3.0
GCF_006507335_1_ASM650733v1_genomic,Brucella melitensis,NZ_QWBL,0.000156838,61.0,3.0
GCF_001296965_1_ASM129696v1_genomic,Brucella abortus,NZ_CP00,7.82718e-05,2.0,0.0
GCF_000371245_1_Bruc_suis_F7_06-2_V1_genomic,Brucella suis,NZ_KB85,0.000156838,4.0,0.0
GCF_000473805_1_Brucella82_genomic,Brucella abortus,NZ_AXBQ,0.0,66.0,6.0
GCF_000238175_1_ASM23817v1_genomic,Brucella abortus,NC_0167,0.0,2.0,0.0
GCF_006517325_1_ASM651732v1_genomic,Brucella melitensis,NZ_QVZL,0.000156838,40.0,4.0
GCF_000875695_1_ASM87569v1_genomic,Brucella suis,NZ_CP01,0.0,2.0,0.0
GCF_900446015_1_58932_C01_genomic,Brucella abortus,NZ_UFUE,0.000314862,3.0,0.0
GCF_000366685_1_Bruc_abor_NI593_V1_genomic,Brucella abortus,NZ_AQMQ,0.0,3.0,0.0
GCF_000158995_1_ASM15899v1_genomic,Brucella pinnipedialis,NZ_GG66,0.00145543,18.0,6.0
GCF_000480095_1_Bruc_meli_02-5863-1_V1_genomic,Brucella melitensis,NZ_KI51,0.0,10.0,0.0
GCF_000245915_1_Bruc_abor_bv1_NI010_V1_genomic,Brucella abortus,NZ_JH60,0.0,3.0,0.0
GCF_900236575_1_Bru_genome10_genomic,Brucella melitensis,NZ_LT96,0.000394323,2.0,0.0
GCF_000366825_1_Bruc_cani_UK10_02_V1_genomic,Brucella canis,NZ_AQNB,0.0,2.0,0.0
GCF_002290785_1_ASM229078v1_genomic,Brucella abortus,NZ_CP02,0.000959098,2.0,0.0
GCF_000366345_1_Bruc_abor_80_102_V1_genomic,Brucella abortus,NZ_AQLO,7.82718e-05,5.0,0.0
GCF_003993825_1_ASM399382v1_genomic,Brucella melitensis,NZ_JZHM,7.82718e-05,26.0,0.0
GCF_002191735_1_ASM219173v1_genomic,Brucella melitensis,NZ_CP01,0.000235701,2.0,0.0
GCF_002191235_1_ASM219123v1_genomic,Brucella melitensis,NZ_CP01,0.0,2.0,0.0
GCF_000480315_1_Bruc_suis_06-988-1656_V1_genomic,Brucella suis,NZ_KI51,7.82718e-05,7.0,0.0
GCF_000157835_1_ASM15783v1_genomic,Brucella ceti,NZ_DS99,0.000394323,17.0,5.0
GCF_006506115_1_ASM650611v1_genomic,Brucella melitensis,NZ_QVYK,0.000156838,29.0,3.0
GCF_000413995_1_Bruc_abor_biovar_1_87-2211_V1_genomic,Brucella abortus,NZ_KE34,0.0,4.0,0.0
GCF_900446055_1_59014_A01_genomic,Brucella abortus,NZ_UFTW,0.0,2.0,0.0
GCF_000370945_1_Bruc_sp_63_311_V1_genomic,Brucella sp,NZ_KB85,0.0,19.0,0.0
GCF_003290345_1_ASM329034v1_genomic,Brucella abortus,NZ_CP03,0.0,2.0,0.0
GCF_002278585_1_ASM227858v1_genomic,Brucella melitensis,NZ_NQVC,0.000235701,56.0,8.0
GCF_006507125_1_ASM650712v1_genomic,Brucella melitensis,NZ_QVZS,0.000156838,36.0,4.0
GCF_000371305_1_Bruc_suis_F8_06-3_V1_genomic,Brucella suis,NZ_KB85,0.0,3.0,0.0
GCF_001402055_1_ASM140205v1_genomic,Brucella abortus,NZ_LIUA,7.82718e-05,16.0,0.0
GCF_001856205_1_ASM185620v1_genomic,Brucella abortus,NZ_MIJJ,0.000156838,25.0,4.0
GCF_006506975_1_ASM650697v1_genomic,Brucella melitensis,NZ_QVYS,0.000156838,28.0,1.0
GCF_000366705_1_Bruc_abor_NI639_V1_genomic,Brucella abortus,NZ_AQMV,0.0,4.0,0.0
GCF_000370285_1_Bruc_abor_85_69_V1_genomic,Brucella abortus,NZ_KB85,0.000156838,6.0,0.0
GCF_000366325_1_Bruc_abor_78_36_V1_genomic,Brucella abortus,NZ_AQLN,0.000796189,6.0,0.0
GCF_002245225_1_ASM224522v1_genomic,Brucella melitensis,NZ_NGAE,0.0,30.0,3.0
GCF_006506505_1_ASM650650v1_genomic,Brucella melitensis,NZ_QWAJ,0.000156838,28.0,2.0
GCF_000742275_1_ASM74227v1_genomic,Brucella abortus,NZ_JMSB,0.0,32.0,2.0
GCF_000480055_1_Bruc_suis_04-0115_V1_genomic,Brucella suis,NZ_KI51,7.82718e-05,6.0,0.0
GCF_000371025_1_Bruc_sp_F96_2_V1_genomic,Brucella sp,NZ_KB85,0.0,7.0,0.0
GCF_000366185_1_Bruc_abor_NI380_V1_genomic,Brucella abortus,NZ_AQMM,0.0,2.0,0.0
GCF_002591255_1_ASM259125v1_genomic,Brucella canis,NZ_CP02,0.0,2.0,0.0
GCF_000365885_1_Bruc_ovis_IntaBari-2006-46-332_V1_genomic,Brucella ovis,NZ_AQII,7.82718e-05,30.0,0.0
GCF_006506685_1_ASM650668v1_genomic,Brucella melitensis,NZ_QVZY,0.000156838,29.0,4.0
GCF_001857585_1_ASM185758v1_genomic,Brucella melitensis,NZ_MDXK,7.82718e-05,39.0,2.0
GCF_000157675_1_ASM15767v1_genomic,Brucella abortus,NZ_DS99,0.000156838,13.0,4.0
GCF_003856415_1_ASM385641v1_genomic,Brucella melitensis,NZ_CP03,0.0,2.0,0.0
GCF_002191655_1_ASM219165v1_genomic,Brucella melitensis,NZ_CP01,0.000235701,2.0,0.0
GCF_000366525_1_Bruc_abor_CNGB_1432_V1_genomic,Brucella abortus,NZ_AQLX,0.0,4.0,0.0
GCF_000370305_1_Bruc_abor_87_28_V1_genomic,Brucella abortus,NZ_KB85,7.82718e-05,5.0,0.0
GCF_000369945_1_Bruc_abor_544_V1_genomic,Brucella abortus,NZ_KB85,0.0,3.0,0.0
GCF_000236255_1_ASM23625v1_genomic,Brucella suis,NC_0167,0.0,2.0,0.0
GCF_000366385_1_Bruc_abor_85_140_V1_genomic,Brucella abortus,NZ_AQLQ,7.82718e-05,7.0,0.0
GCF_006506985_1_ASM650698v1_genomic,Brucella melitensis,NZ_QVYW,0.000235701,27.0,1.0
GCF_006507825_1_ASM650782v1_genomic,Brucella melitensis,NZ_QWAN,0.000474086,33.0,10.0
GCF_002191575_1_ASM219157v1_genomic,Brucella melitensis,NZ_CP01,0.0,2.0,0.0
GCF_000590815_1_ASM59081v1_genomic,Brucella ceti,NC_0229,0.000715202,2.0,0.0
GCF_006506425_1_ASM650642v1_genomic,Brucella melitensis,NZ_QWAB,0.000715202,66.0,33.0
GCF_000370885_1_Bruc_ovis_63_96_V1_genomic,Brucella ovis,NZ_KB85,0.0,3.0,0.0
GCF_003993935_1_ASM399393v1_genomic,Brucella melitensis,NZ_JZHJ,0.000156838,25.0,0.0
GCF_001766425_1_ASM176642v1_genomic,Brucella melitensis,NZ_MKXI,0.000394323,45.0,2.0
GCF_000366605_1_Bruc_abor_63_59_V1_genomic,Brucella abortus,NZ_AQLJ,0.000156838,5.0,0.0
GCF_900236485_1_Bru_genome24_genomic,Brucella melitensis,NZ_LT96,0.000394323,2.0,0.0
GCF_000366585_1_Bruc_meli_UK22_06_V1_genomic,Brucella melitensis,NZ_AQNO,0.000634523,12.0,0.0
GCF_000413775_1_Bruc_abor_biovar_1_01-0585_V1_genomic,Brucella abortus,NZ_ATGP,7.82718e-05,5.0,0.0
GCF_002191435_1_ASM219143v1_genomic,Brucella melitensis,NZ_CP01,0.000314862,2.0,0.0
GCF_000298635_1_V1_0_of_Brucella_abortus_bv_1_str_134_genomic,Brucella abortus,NZ_AMPC,0.000156838,141.0,20.0
GCF_003205535_1_ASM320553v1_genomic,Brucella melitensis,NZ_CP02,7.82718e-05,2.0,0.0
GCF_002291345_1_ASM229134v1_genomic,Brucella abortus,NZ_CP02,7.82718e-05,2.0,0.0
GCF_000370145_1_Bruc_abor_65_63_V1_genomic,Brucella abortus,NZ_KB85,7.82718e-05,7.0,0.0
GCF_000370465_1_Bruc_abor_F6_05-4_V1_genomic,Brucella abortus,NZ_KB85,0.000156838,13.0,0.0
GCF_000209575_2_ASM20957v2_genomic,Brucella melitensis,NZ_AFEZ,0.000235701,30.0,0.0
GCF_000399725_1_Bruc_abor_I103_UK3_01_V1_genomic,Brucella abortus,NZ_ASGX,0.0,6.0,0.0
GCF_002192155_1_ASM219215v1_genomic,Brucella melitensis,NZ_CP01,0.000156838,2.0,0.0
GCF_001856265_1_ASM185626v1_genomic,Brucella abortus,NZ_MIJN,0.000235701,25.0,5.0
GCF_900236525_1_Bru_genome6_genomic,Brucella melitensis,NZ_LT96,0.000394323,2.0,0.0
GCF_000365665_1_Bruc_abor_NI240_V1_genomic,Brucella abortus,NZ_AQMK,0.0,7.0,0.0
GCF_900446065_1_58932_F01_genomic,Brucella abortus,NZ_UIGF,0.0,2.0,0.0
GCF_003989905_1_ASM398990v1_genomic,Brucella abortus,NZ_RZHX,0.00104102,48.0,4.0
GCF_900236565_1_Bru_genome8_genomic,Brucella melitensis,NZ_LT96,0.000474086,2.0,0.0
GCF_006508025_1_ASM650802v1_genomic,Brucella melitensis,NZ_QWBP,0.000156838,27.0,2.0
GCF_006507105_1_ASM650710v1_genomic,Brucella melitensis,NZ_QWAF,0.000235701,29.0,2.0
GCF_000371045_1_Bruc_sp_UK1_97_V1_genomic,Brucella sp,NZ_KB85,0.0,54.0,0.0
GCF_000691585_1_ASM69158v1_genomic,Brucella canis,NZ_CP00,0.000156838,2.0,0.0
GCF_000472245_1_Denovo_assembly_genomic,Brucella abortus,NZ_AWTU,7.82718e-05,25.0,0.0
GCF_001702255_1_ASM170225v1_genomic,Brucella melitensis,NZ_LAQM,7.82718e-05,35.0,3.0
GCF_000365785_1_Bruc_abor_F1_06-B1_V1_genomic,Brucella abortus,NZ_AQMD,7.82718e-05,6.0,0.0
GCF_002191295_1_ASM219129v1_genomic,Brucella melitensis,NZ_CP01,0.000235701,2.0,0.0
GCF_001856305_1_ASM185630v1_genomic,Brucella abortus,NZ_MIJH,7.82718e-05,25.0,3.0
GCF_900236425_1_Bru_genome11_genomic,Brucella melitensis,NZ_LT96,0.000474086,2.0,0.0
GCF_002262975_1_ASM226297v1_genomic,Brucella abortus,NZ_CP02,0.0,2.0,0.0
GCF_006507875_1_ASM650787v1_genomic,Brucella melitensis,NZ_QWAP,0.000156838,23.0,4.0
GCF_003194755_1_ASM319475v1_genomic,Brucella abortus,NZ_QITU,7.82718e-05,25.0,5.0
GCF_003194805_1_ASM319480v1_genomic,Brucella abortus,NZ_QITT,7.82718e-05,26.0,6.0
GCF_000370505_1_Bruc_abor_NI352_V1_genomic,Brucella abortus,NZ_KB85,0.0,4.0,0.0
GCF_000366925_1_Bruc_meli_F10_05-2_V1_genomic,Brucella melitensis,NZ_AQNH,7.82718e-05,28.0,0.0
GCF_006507325_1_ASM650732v1_genomic,Brucella melitensis,NZ_QWBH,0.000156838,36.0,3.0
GCF_006507245_1_ASM650724v1_genomic,Brucella melitensis,NZ_QWAY,0.000156838,32.0,3.0
GCF_000413635_1_Bruc_abor_biovar_1_90-0962_V1_genomic,Brucella abortus,NZ_ATGW,7.82718e-05,4.0,0.0
GCF_900446115_1_59302_H01_genomic,Brucella neotomae,NZ_UAQT,0.005991,49.0,0.0
GCF_900236385_1_Bru_genome37_genomic,Brucella melitensis,NZ_LT96,0.000474086,2.0,0.0
GCF_001937825_1_ASM193782v1_genomic,Brucella melitensis,NZ_MKPY,0.000314862,52.0,11.0
GCF_003989895_1_ASM398989v1_genomic,Brucella melitensis,NZ_RZHY,0.000156838,30.0,4.0
GCF_000740135_1_ASM74013v1_genomic,Brucella abortus,NZ_CP00,0.0,2.0,0.0
GCF_003989885_1_ASM398988v1_genomic,Brucella melitensis,NZ_RZHZ,0.000156838,31.0,4.0
GCF_004684165_1_ASM468416v1_genomic,Brucella suis,NZ_SRIH,0.0,37.0,3.0
GCF_000370585_1_Bruc_cani_79_122_V1_genomic,Brucella canis,NZ_KB85,0.000394323,3.0,0.0
GCF_003516045_1_ASM351604v1_genomic,Brucella melitensis,NZ_CP02,7.82718e-05,2.0,0.0
GCF_000245975_1_Bruc_abor_bv1_NI259_V1_genomic,Brucella abortus,NZ_JH60,7.82718e-05,4.0,0.0
GCF_002192015_1_ASM219201v1_genomic,Brucella melitensis,NZ_CP01,0.000235701,2.0,0.0
GCF_006506735_1_ASM650673v1_genomic,Brucella melitensis,NZ_QWBC,0.000634523,42.0,5.0
GCF_900417205_1_00-2956-4_genomic,Brucella melitensis,NZ_OWOR,0.000156838,27.0,0.0
GCF_001401925_1_ASM140192v1_genomic,Brucella abortus,NZ_LITX,7.82718e-05,16.0,0.0
GCF_000740215_1_ASM74021v1_genomic,Brucella abortus,NZ_CP00,7.82718e-05,2.0,0.0
GCF_900491925_1_10469_genomic,Brucella canis,NZ_UEXJ,0.000156838,24.0,0.0
GCF_000250795_1_ASM25079v2_genomic,Brucella melitensis,NZ_AHWC,7.82718e-05,73.0,3.0
GCF_004208675_1_ASM420867v1_genomic,Brucella melitensis,NZ_CP03,0.000156838,2.0,0.0
GCF_006507545_1_ASM650754v1_genomic,Brucella melitensis,NZ_QVYM,0.000156838,27.0,2.0
GCF_002278675_1_ASM227867v1_genomic,Brucella melitensis,NZ_NQVF,0.000156838,50.0,9.0
GCF_006506725_1_ASM650672v1_genomic,Brucella melitensis,NZ_QWAZ,0.000394323,31.0,10.0
GCF_002191355_1_ASM219135v1_genomic,Brucella melitensis,NZ_CP01,0.000235701,2.0,0.0
GCF_002192175_1_ASM219217v1_genomic,Brucella melitensis,NZ_CP01,0.0,2.0,0.0
GCF_000742005_1_ASM74200v1_genomic,Brucella suis,NZ_KN04,0.0,2.0,0.0
GCF_900446125_1_57572_C01_genomic,Brucella neotomae,NZ_UIGH,0.000235701,2.0,0.0
GCF_002150345_1_ASM215034v1_genomic,Brucella melitensis,NZ_MRUO,0.000156838,44.0,3.0
GCF_000365605_1_Bruc_abor_F2_06-8_V1_genomic,Brucella abortus,NZ_AQME,7.82718e-05,4.0,0.0
GCF_000209615_2_ASM20961v2_genomic,Brucella melitensis,NZ_AFFB,7.82718e-05,32.0,0.0
GCF_006506995_1_ASM650699v1_genomic,Brucella melitensis,NZ_QVZC,0.000156838,25.0,1.0
GCF_000478665_1_Bruc_abor_biovar_1_80-1399_V1_genomic,Brucella abortus,NZ_ATHE,0.0,7.0,0.0
GCF_000157795_1_ASM15779v1_genomic,Brucella pinnipedialis,NZ_DS99,0.00112327,89.0,42.0
GCF_000370325_1_Bruc_abor_877_67_V1_genomic,Brucella abortus,NZ_KB85,0.0,9.0,0.0
GCF_002191695_1_ASM219169v1_genomic,Brucella melitensis,NZ_CP01,7.82718e-05,2.0,0.0
GCF_900000005_1_BVF60_genomic,Brucella ceti,NZ_LN99,0.020003,2.0,0.0
GCF_002191255_1_ASM219125v1_genomic,Brucella melitensis,NZ_CP01,7.82718e-05,2.0,0.0
GCF_000157815_1_ASM15781v1_genomic,Brucella pinnipedialis,NZ_DS99,0.000235701,19.0,5.0
GCF_001302495_1_ASM130249v1_genomic,Brucella melitensis,NZ_LKAV,0.000156838,44.0,4.0
GCF_006507475_1_ASM650747v1_genomic,Brucella melitensis,NZ_QVXY,0.000235701,27.0,2.0
GCF_002191455_1_ASM219145v1_genomic,Brucella melitensis,NZ_CP01,0.000235701,2.0,0.0
GCF_003993905_1_ASM399390v1_genomic,Brucella melitensis,NZ_JZHK,7.82718e-05,25.0,0.0
GCF_900236515_1_Bru_genome43_genomic,Brucella melitensis,NZ_LT96,0.000314862,2.0,0.0
GCF_000365565_1_Bruc_suis_F8_06-2_V1_genomic,Brucella suis,NZ_AQOA,0.0005541519999999999,17.0,0.0
GCF_003194855_1_ASM319485v1_genomic,Brucella suis,NZ_QITR,7.82718e-05,72.0,13.0
GCF_001038665_1_ASM103866v1_genomic,Brucella abortus,NZ_LFJE,7.82718e-05,25.0,3.0
GCF_000366485_1_Bruc_abor_93_1_V1_genomic,Brucella abortus,NZ_AQLV,0.0,4.0,0.0
GCF_006506035_1_ASM650603v1_genomic,Brucella melitensis,NZ_QVYA,0.000156838,27.0,3.0
GCF_900236375_1_Bru_genome9_genomic,Brucella melitensis,NZ_LT96,0.000394323,2.0,0.0
GCF_000227645_1_ASM22764v1_genomic,Brucella melitensis,NC_0172,0.000235701,2.0,0.0
GCF_001302485_1_ASM130248v1_genomic,Brucella melitensis,NZ_LKAT,0.000156838,80.0,6.0
GCF_002191515_1_ASM219151v1_genomic,Brucella melitensis,NZ_CP01,0.000235701,2.0,0.0
GCF_001402105_1_ASM140210v1_genomic,Brucella abortus,NZ_LIUE,0.000156838,18.0,0.0
GCF_000371345_1_Bruc_ovis_IntaBari-2010-47-268_V1_genomic,Brucella ovis,NZ_KB85,0.0,23.0,0.0
GCF_002749475_1_ASM274947v1_genomic,Brucella suis,NZ_CP02,0.0,2.0,0.0
GCF_000371265_1_Bruc_suis_F7_06-5_V1_genomic,Brucella suis,NZ_KB85,0.000235701,3.0,0.0
GCF_000245855_1_Bruc_abor_bv1_NI486_V1_genomic,Brucella abortus,NZ_JH60,0.0,4.0,0.0
GCF_003516065_1_ASM351606v1_genomic,Brucella melitensis,NZ_CP02,7.82718e-05,2.0,0.0
GCF_001856215_1_ASM185621v1_genomic,Brucella abortus,NZ_MIJM,0.000156838,23.0,2.0
GCF_006508005_1_ASM650800v1_genomic,Brucella melitensis,NZ_QWBM,0.000156838,37.0,5.0
GCF_003432005_1_ASM343200v1_genomic,Brucella melitensis,NZ_QVMF,0.000235701,21.0,0.0
GCF_006517295_1_ASM651729v1_genomic,Brucella melitensis,NZ_QVZG,0.000314862,29.0,1.0
GCF_006507455_1_ASM650745v1_genomic,Brucella melitensis,NZ_QVYH,0.000314862,28.0,1.0
GCF_900446025_1_58932_E01_genomic,Brucella abortus,NZ_UFUI,7.82718e-05,2.0,0.0
GCF_002204265_1_ASM220426v1_genomic,Brucella melitensis,NZ_NBBM,0.0,35.0,3.0
GCF_002631235_1_ASM263123v1_genomic,Brucella melitensis,NZ_PDMF,7.82718e-05,46.0,6.0
GCF_001715465_1_ASM171546v1_genomic,Brucella melitensis,NZ_CP01,0.000235701,2.0,0.0
GCF_900236335_1_Bru_genome7_genomic,Brucella melitensis,NZ_LT96,0.000314862,2.0,0.0
GCF_000192885_1_ASM19288v1_genomic,Brucella melitensis,NC_0172,7.82718e-05,2.0,0.0
GCF_001715425_1_ASM171542v1_genomic,Brucella suis,NZ_CP01,0.0,2.0,0.0
GCF_000413835_1_Bruc_abor_biovar_1_B10-0973_V1_genomic,Brucella abortus,NZ_ATGL,7.82718e-05,4.0,0.0
GCF_000371185_1_Bruc_suis_5_05-10_V1_genomic,Brucella suis,NZ_KB85,7.82718e-05,5.0,0.0
GCF_006506385_1_ASM650638v1_genomic,Brucella melitensis,NZ_QVZT,0.000156838,29.0,2.0
GCF_006517305_1_ASM651730v1_genomic,Brucella melitensis,NZ_QVZK,0.0005541519999999999,47.0,21.0
GCF_002191875_1_ASM219187v1_genomic,Brucella melitensis,NZ_CP01,0.000235701,2.0,0.0
GCF_003994435_1_ASM399443v1_genomic,Brucella abortus,NZ_CP03,7.82718e-05,2.0,0.0
GCF_000370085_1_Bruc_abor_64_108_V1_genomic,Brucella abortus,NZ_KB85,7.82718e-05,2.0,0.0
GCF_000413675_1_Bruc_abor_biovar_4_90-0775_V1_genomic,Brucella abortus,NZ_ATGU,0.0,4.0,0.0
GCF_001431745_1_ASM143174v1_genomic,Brucella melitensis,NZ_CP00,7.82718e-05,2.0,0.0
GCF_900236355_1_Bru_genome20_genomic,Brucella melitensis,NZ_LT96,0.000394323,2.0,0.0
GCF_000365945_1_Bruc_ovis_IntaBari-2001-319-5096_V1_genomic,Brucella ovis,NZ_AQIL,0.0,36.0,0.0
GCF_001937875_1_ASM193787v1_genomic,Brucella melitensis,NZ_MKQA,0.000235701,30.0,1.0
GCF_006506835_1_ASM650683v1_genomic,Brucella melitensis,NZ_QVXU,0.000156838,31.0,2.0
GCF_900417255_1_00-3099-5733_genomic,Brucella melitensis,NZ_OWOX,0.000235701,24.0,0.0
GCF_006507185_1_ASM650718v1_genomic,Brucella melitensis,NZ_QWAS,0.000156838,33.0,3.0
GCF_002263015_1_ASM226301v1_genomic,Brucella melitensis,NZ_CP02,0.0,2.0,0.0
GCF_000366885_1_Bruc_meli_CNGB_1120_V1_genomic,Brucella melitensis,NZ_AQNF,7.82718e-05,4.0,0.0
GCF_002192115_1_ASM219211v1_genomic,Brucella melitensis,NZ_CP01,0.000235701,2.0,0.0
GCF_006507225_1_ASM650722v1_genomic,Brucella melitensis,NZ_QWBA,0.000235701,54.0,3.0
GCF_000365585_1_Bruc_suis_F5_03-2_V1_genomic,Brucella suis,NZ_AQNZ,7.82718e-05,9.0,0.0
GCF_000370105_1_Bruc_abor_64_81_V1_genomic,Brucella abortus,NZ_KB85,7.82718e-05,3.0,0.0
GCF_000370545_1_Bruc_abor_NI495a_V1_genomic,Brucella abortus,NZ_KB85,0.0,4.0,0.0
GCF_000740375_1_ASM74037v1_genomic,Brucella abortus,NZ_CP00,0.0,2.0,0.0
GCF_001078335_1_B_canis_SCL_genomic,Brucella canis,NZ_LGAQ,0.000394323,48.0,3.0
GCF_000370045_1_Bruc_abor_63_168_V1_genomic,Brucella abortus,NZ_KB85,0.0,10.0,0.0
GCF_000371145_1_Bruc_suis_CNGB_247_V1_genomic,Brucella suis,NZ_KB85,7.82718e-05,9.0,0.0
GCF_006506745_1_ASM650674v1_genomic,Brucella melitensis,NZ_QWBI,0.000156838,31.0,2.0
GCF_000414015_1_Bruc_abor_biovar_1_82-2330_V1_genomic,Brucella abortus,NZ_KE34,0.0,4.0,0.0
GCF_900417245_1_00-3099-5734_genomic,Brucella melitensis,NZ_OWOW,0.000235701,25.0,0.0
GCF_900446045_1_58932_D01_genomic,Brucella abortus,NZ_UFTV,0.000156838,2.0,0.0
GCF_006507945_1_ASM650794v1_genomic,Brucella melitensis,NZ_QWBK,0.000156838,35.0,3.0
GCF_006507595_1_ASM650759v1_genomic,Brucella melitensis,NZ_QVYZ,0.000314862,25.0,1.0
GCF_006506025_1_ASM650602v1_genomic,Brucella melitensis,NZ_QVYG,0.000314862,25.0,1.0
GCF_001702305_1_ASM170230v1_genomic,Brucella melitensis,NZ_LDTV,0.000235701,30.0,3.0
GCF_000413815_1_Bruc_abor_biovar_1_B10-0018_V1_genomic,Brucella abortus,NZ_ATGN,0.0,4.0,0.0
GCF_003994095_1_ASM399409v1_genomic,Brucella melitensis,NZ_JZHV,0.000156838,26.0,0.0
GCF_006507965_1_ASM650796v1_genomic,Brucella melitensis,NZ_QWBJ,0.000235701,31.0,2.0
GCF_000370345_1_Bruc_abor_88_217_V1_genomic,Brucella abortus,NZ_KB85,0.00112327,10.0,0.0
GCF_000701065_1_Bru1330_genomic,Brucella suis,NZ_JELT,0.000156838,112.0,7.0
GCF_000370025_1_Bruc_abor_63_144_V1_genomic,Brucella abortus,NZ_KB85,7.82718e-05,4.0,0.0
GCF_006506855_1_ASM650685v1_genomic,Brucella melitensis,NZ_QVYB,0.000156838,31.0,2.0
GCF_006506515_1_ASM650651v1_genomic,Brucella melitensis,NZ_QWAI,0.000796189,80.0,34.0
GCF_000182625_1_ASM18262v1_genomic,Brucella abortus,NZ_ACOR,0.0,9.0,0.0
GCF_000157855_1_ASM15785v1_genomic,Brucella ceti,NZ_DS99,0.000394323,22.0,5.0
GCF_002291245_1_ASM229124v1_genomic,Brucella abortus,NZ_CP02,7.82718e-05,2.0,0.0
GCF_000367025_1_Bruc_meli_R3_07-2_V1_genomic,Brucella melitensis,NZ_AQNM,0.000235701,10.0,0.0
GCF_002192055_1_ASM219205v1_genomic,Brucella melitensis,NZ_CP01,0.000235701,2.0,0.0
GCF_000742215_1_ASM74221v1_genomic,Brucella abortus,NZ_KN04,0.000235701,2.0,0.0
GCF_000158695_1_ASM15869v1_genomic,Brucella melitensis,NZ_EQ99,0.000156838,26.0,8.0
GCF_006507075_1_ASM650707v1_genomic,Brucella melitensis,NZ_QVZQ,0.000156838,30.0,2.0
GCF_000479995_1_Bruc_abor_03-2770-11_V1_genomic,Brucella abortus,NZ_AXMR,0.0,5.0,0.0
GCF_000698245_1_ASM69824v1_genomic,Brucella suis,NZ_CP00,7.82718e-05,2.0,0.0
GCF_001401995_1_ASM140199v1_genomic,Brucella abortus,NZ_LIUC,7.82718e-05,19.0,0.0
GCF_002191895_1_ASM219189v1_genomic,Brucella melitensis,NZ_CP01,7.82718e-05,2.0,0.0
GCF_000158795_1_ASM15879v1_genomic,Brucella abortus,NZ_EQ99,7.82718e-05,13.0,3.0
GCF_006506395_1_ASM650639v1_genomic,Brucella melitensis,NZ_QVZR,0.000156838,35.0,3.0
GCF_000370685_1_Bruc_meli_F8_01-155_V1_genomic,Brucella melitensis,NZ_KB85,7.82718e-05,11.0,0.0
GCF_000413555_1_Bruc_abor_biovar_2_82-3893_V1_genomic,Brucella abortus,NZ_ATHC,0.0,4.0,0.0
GCF_900236345_1_Bru_genome47_genomic,Brucella melitensis,NZ_LT96,0.000314862,2.0,0.0
GCF_002278695_1_ASM227869v1_genomic,Brucella melitensis,NZ_NQVG,0.000156838,47.0,4.0
GCF_003994025_1_ASM399402v1_genomic,Brucella abortus,NZ_JZHN,0.000156838,17.0,0.0
GCF_006507445_1_ASM650744v1_genomic,Brucella melitensis,NZ_QVXX,0.000156838,28.0,3.0
GCF_000370825_1_Bruc_meli_UK3_06_V1_genomic,Brucella melitensis,NZ_KB85,7.82718e-05,3.0,0.0
GCF_000370745_1_Bruc_meli_UK22_04_V1_genomic,Brucella melitensis,NZ_KB85,0.000314862,36.0,0.0
GCF_900236445_1_Bru_genome2_genomic,Brucella melitensis,NZ_LT96,0.000394323,2.0,0.0
GCF_003993965_1_ASM399396v1_genomic,Brucella melitensis,NZ_JZHH,0.000156838,25.0,0.0
GCF_006506965_1_ASM650696v1_genomic,Brucella melitensis,NZ_QVZE,0.000314862,31.0,9.0
GCF_002150395_1_ASM215039v1_genomic,Brucella melitensis,NZ_MRUR,0.000235701,55.0,4.0
GCF_000742255_1_ASM74225v1_genomic,Brucella neotomae,NZ_KN04,0.000314862,1.0,0.0
GCF_000366505_1_Bruc_abor_CNGB_1011_V1_genomic,Brucella abortus,NZ_AQLW,0.0,2.0,0.0
GCF_001856195_1_ASM185619v1_genomic,Brucella abortus,NZ_MIJK,0.000235701,27.0,4.0
GCF_900491915_1_07-2859-6070_genomic,Brucella canis,NZ_UEXG,0.000156838,29.0,0.0
GCF_002191795_1_ASM219179v1_genomic,Brucella melitensis,NZ_CP01,7.82718e-05,2.0,0.0
GCF_000371325_1_Bruc_suis_F9_06-1_V1_genomic,Brucella suis,NZ_KB85,0.0,20.0,0.0
GCF_000331635_1_Brucella_019_genomic,Brucella suis,NZ_KB22,0.000634523,30.0,2.0
GCF_000367085_1_Bruc_ovis_F8_05B_V1_genomic,Brucella ovis,NZ_AQNQ,0.0,35.0,0.0
GCF_002191415_1_ASM219141v1_genomic,Brucella melitensis,NZ_CP01,0.000235701,2.0,0.0
GCF_000480195_1_Bruc_sp_04-5288_V1_genomic,Brucella suis,NZ_KI51,0.000314862,63.0,0.0
GCF_002191755_1_ASM219175v1_genomic,Brucella melitensis,NZ_CP01,0.000156838,2.0,0.0
GCF_900236495_1_Bru_genome46_genomic,Brucella melitensis,NZ_LT96,0.000394323,2.0,0.0
GCF_000740175_1_ASM74017v1_genomic,Brucella abortus,NZ_CP00,7.82718e-05,2.0,0.0
GCF_004208695_1_ASM420869v1_genomic,Brucella melitensis,NZ_CP03,7.82718e-05,2.0,0.0
GCF_000370365_1_Bruc_abor_F1_06-B21_V1_genomic,Brucella abortus,NZ_KB85,0.000314862,4.0,0.0
GCF_006505895_1_ASM650589v1_genomic,Brucella melitensis,NZ_QVXQ,0.000156838,25.0,2.0
GCF_000238195_1_ASM23819v1_genomic,Brucella canis,NC_0167,0.000394323,2.0,0.0
GCF_000413595_1_Bruc_abor_biovar_1_85-1058_V1_genomic,Brucella abortus,NZ_ATHA,7.82718e-05,4.0,0.0
GCF_006507775_1_ASM650777v1_genomic,Brucella melitensis,NZ_QWAA,0.000235701,30.0,2.0
GCF_001971625_1_ASM197162v1_genomic,Brucella suis,NZ_CP01,0.0221763,2.0,0.0
GCF_000480215_1_Bruc_meli_11-1823-3434_V1_genomic,Brucella melitensis,NZ_AXNC,7.82718e-05,13.0,0.0
GCF_000370225_1_Bruc_abor_80_101_V1_genomic,Brucella abortus,NZ_KB85,0.000715202,8.0,0.0
GCF_002266775_1_ASM226677v1_genomic,Brucella melitensis,NZ_NGJP,0.000235701,49.0,5.0
GCF_004137275_1_ASM413727v1_genomic,Brucella abortus,NZ_SDWB,0.000156838,6.0,2.0
GCF_006506605_1_ASM650660v1_genomic,Brucella melitensis,NZ_QVZW,0.000156838,27.0,2.0
GCF_000157875_1_ASM15787v1_genomic,Brucella sp,NZ_DS99,0.0,20.0,11.0
GCF_001307475_2_ASM130747v2_genomic,Brucella melitensis,NZ_CP01,0.0,2.0,0.0
GCF_000366565_1_Bruc_abor_CNGB_436_V1_genomic,Brucella abortus,NZ_AQLZ,7.82718e-05,3.0,0.0
GCF_001402025_1_ASM140202v1_genomic,Brucella abortus,NZ_LITZ,7.82718e-05,19.0,0.0
GCF_006506675_1_ASM650667v1_genomic,Brucella melitensis,NZ_QWAX,0.000314862,113.0,4.0
GCF_900236405_1_Bru_genome13_genomic,Brucella melitensis,NZ_LT96,0.000474086,2.0,0.0
GCF_002191555_1_ASM219155v1_genomic,Brucella melitensis,NZ_CP01,0.000235701,2.0,0.0
GCF_000365985_1_Bruc_ovis_IntaBari-2008-114-542_V1_genomic,Brucella ovis,NZ_AQIN,0.0,22.0,0.0
GCF_002192075_1_ASM219207v1_genomic,Brucella melitensis,NZ_CP01,0.000235701,2.0,0.0
GCF_000366305_1_Bruc_abor_67_781_V1_genomic,Brucella abortus,NZ_AQLM,0.0,4.0,0.0
GCF_000741995_1_ASM74199v1_genomic,Brucella suis,NZ_KN04,7.82718e-05,2.0,0.0
GCF_000366765_1_Bruc_abor_NI633_V1_genomic,Brucella abortus,NZ_AQMU,0.0,4.0,0.0
GCF_003994185_1_ASM399418v1_genomic,Brucella melitensis,NZ_JZHT,0.000156838,26.0,0.0
GCF_003989725_1_ASM398972v1_genomic,Brucella abortus,NZ_RZHV,0.00112327,44.0,5.0
GCF_000160295_1_ASM16029v1_genomic,Brucella melitensis,NZ_GG70,7.82718e-05,15.0,6.0
GCF_006507345_1_ASM650734v1_genomic,Brucella melitensis,NZ_QWBN,0.000156838,28.0,2.0
GCF_006505925_1_ASM650592v1_genomic,Brucella melitensis,NZ_QVXS,0.000314862,45.0,1.0
GCF_000366145_1_Bruc_abor_CNGB_759_V1_genomic,Brucella abortus,NZ_AQMB,0.0,3.0,0.0
GCF_000365845_1_Bruc_meli_F15_06-7_V1_genomic,Brucella melitensis,NZ_AQID,0.000156838,12.0,0.0
GCF_000223195_1_ASM22319v1_genomic,Brucella suis,NC_0172,0.0,2.0,0.0
GCF_006507905_1_ASM650790v1_genomic,Brucella melitensis,NZ_QWBD,0.000156838,23.0,2.0
GCF_000292105_1_ASM29210v2_genomic,Brucella suis,NZ_ALON,0.000394323,271.0,48.0
GCF_006508035_1_ASM650803v1_genomic,Brucella melitensis,NZ_QWBR,0.000156838,35.0,3.0
GCF_002204345_1_ASM220434v1_genomic,Brucella melitensis,NZ_NCRI,0.0,43.0,3.0
GCF_002191635_1_ASM219163v1_genomic,Brucella melitensis,NZ_CP01,0.000235701,2.0,0.0
GCF_900095155_1_BR141012304v1_genomic,Brucella ceti,NZ_LT60,0.0212513,2.0,0.0
GCF_000740335_1_ASM74033v1_genomic,Brucella canis,NZ_CP00,0.0,2.0,0.0
GCF_000740295_1_ASM74029v1_genomic,Brucella abortus,NZ_CP00,0.0,2.0,0.0
GCF_000016845_1_ASM1684v1_genomic,Brucella ovis,NC_0095,0.0,2.0,0.0
GCF_000370785_1_Bruc_meli_Uk24_06_V1_genomic,Brucella melitensis,NZ_KB85,0.000394323,7.0,0.0
GCF_000367125_1_Bruc_sp_UK38_05_V1_genomic,Brucella ceti,NZ_AQNR,0.000314862,49.0,0.0
GCF_000413795_1_Bruc_abor_biovar_1_01-0065_V1_genomic,Brucella abortus,NZ_ATGO,7.82718e-05,4.0,0.0
GCF_002191315_1_ASM219131v1_genomic,Brucella melitensis,NZ_CP01,7.82718e-05,2.0,0.0
GCF_000370765_1_Bruc_meli_UK23_06_V1_genomic,Brucella melitensis,NZ_KB85,0.000314862,6.0,0.0
GCF_900236535_1_Bru_genome4_genomic,Brucella melitensis,NZ_LT96,0.000474086,2.0,0.0
GCF_000366945_1_Bruc_meli_F2_06-6_V1_genomic,Brucella melitensis,NZ_AQNI,7.82718e-05,15.0,0.0
GCF_006506935_1_ASM650693v1_genomic,Brucella melitensis,NZ_QVYF,0.000235701,26.0,1.0
GCF_001715405_1_ASM171540v1_genomic,Brucella canis,NZ_CP01,0.000394323,2.0,0.0
GCF_000699025_1_ASM69902v1_genomic,Brucella suis,NZ_CP00,7.82718e-05,2.0,0.0
GCF_002278575_1_ASM227857v1_genomic,Brucella melitensis,NZ_NQVD,0.000235701,49.0,9.0
GCF_000366005_1_Bruc_ovis_IntaBari-1993-758_V1_genomic,Brucella ovis,NZ_AQIO,0.0,24.0,0.0
GCF_000366545_1_Bruc_abor_CNGB_308_V1_genomic,Brucella abortus,NZ_AQLY,0.0,4.0,0.0
GCF_000370205_1_Bruc_abor_78_32_V1_genomic,Brucella abortus,NZ_KB85,0.000715202,9.0,0.0
GCF_001402075_1_ASM140207v1_genomic,Brucella abortus,NZ_LIUD,7.82718e-05,19.0,0.0
GCF_001971805_1_ASM197180v1_genomic,Brucella sp,NZ_CP01,0.0,2.0,0.0
GCF_006508015_1_ASM650801v1_genomic,Brucella melitensis,NZ_QWBO,0.000314862,35.0,2.0
GCF_000413975_1_Bruc_abor_biovar_1_89-0363_V1_genomic,Brucella abortus,NZ_KE34,0.0,4.0,0.0
GCF_006506015_1_ASM650601v1_genomic,Brucella melitensis,NZ_QVYE,0.000156838,26.0,2.0
GCF_006506665_1_ASM650666v1_genomic,Brucella melitensis,NZ_QVZZ,0.000235701,29.0,2.0
GCF_000413955_1_Bruc_abor_biovar_1_B10-0091_V1_genomic,Brucella abortus,NZ_KE34,0.0,4.0,0.0
GCF_000245935_1_Bruc_abor_bv1_NI016_V1_genomic,Brucella abortus,NZ_JH60,0.0,3.0,0.0
GCF_001940595_1_ASM194059v1_genomic,Brucella abortus,NZ_LODQ,0.000235701,243.0,10.0
GCF_000370525_1_Bruc_abor_NI422_V1_genomic,Brucella abortus,NZ_KB85,0.0,4.0,0.0
GCF_002191595_1_ASM219159v1_genomic,Brucella melitensis,NZ_CP01,0.000235701,2.0,0.0
GCF_002214285_1_ASM221428v1_genomic,Brucella melitensis,NZ_CP02,0.000314862,2.0,0.0
GCF_001856295_1_ASM185629v1_genomic,Brucella melitensis,NZ_MIJP,0.0,28.0,3.0
GCF_000371285_1_Bruc_suis_F8_06-1_V1_genomic,Brucella suis,NZ_KB85,0.0,18.0,0.0
GCF_006506575_1_ASM650657v1_genomic,Brucella melitensis,NZ_QWAO,0.000156838,22.0,1.0
GCF_000160275_1_ASM16027v1_genomic,Brucella suis,NZ_GG70,7.82718e-05,12.0,5.0
GCF_001307425_1_ASM130742v1_genomic,Brucella melitensis,NZ_LKEC,0.0,42.0,3.0
GCF_001766405_1_ASM176640v1_genomic,Brucella melitensis,NZ_MKXJ,7.82718e-05,42.0,7.0
GCF_006507425_1_ASM650742v1_genomic,Brucella melitensis,NZ_QVXR,0.000156838,25.0,2.0
GCF_002871075_1_ASM287107v1_genomic,Brucella melitensis,NZ_PKSQ,7.82718e-05,2.0,0.0
GCF_000366085_1_Bruc_suis_63_252_V1_genomic,Brucella suis,NZ_AQNT,7.82718e-05,8.0,0.0
GCF_000018725_1_ASM1872v1_genomic,Brucella abortus,NC_0107,0.0,2.0,0.0
GCF_006506195_1_ASM650619v1_genomic,Brucella melitensis,NZ_QVYR,0.000314862,25.0,1.0
GCF_000157695_1_ASM15769v1_genomic,Brucella abortus,NZ_DS99,7.82718e-05,12.0,4.0
GCF_006506815_1_ASM650681v1_genomic,Brucella melitensis,NZ_QVXT,0.000235701,41.0,14.0
GCF_006506225_1_ASM650622v1_genomic,Brucella melitensis,NZ_QVYT,0.000314862,29.0,2.0
GCF_000369985_1_Bruc_abor_63_130_V1_genomic,Brucella abortus,NZ_KB85,0.0,4.0,0.0
GCF_000480275_1_Bruc_cani_96-7258_V1_genomic,Brucella canis,NZ_AXNF,0.0,4.0,0.0
GCF_006506295_1_ASM650629v1_genomic,Brucella melitensis,NZ_QVZD,0.000235701,28.0,2.0
GCF_006507555_1_ASM650755v1_genomic,Brucella melitensis,NZ_QVYX,0.000156838,30.0,3.0
GCF_006506235_1_ASM650623v1_genomic,Brucella melitensis,NZ_QVZB,0.000235701,26.0,1.0
GCF_006507565_1_ASM650756v1_genomic,Brucella melitensis,NZ_QVYQ,0.000314862,29.0,1.0
GCF_000398805_1_Bruc_abor_93_2_V1_genomic,Brucella abortus,NZ_KB97,7.82718e-05,10.0,0.0
GCF_000370625_1_Bruc_meli_BG2_S27_V1_genomic,Brucella melitensis,NZ_KB85,0.0,10.0,0.0
GCF_000365705_1_Bruc_suis_F4_06-146_V1_genomic,Brucella suis,NZ_AQNY,7.82718e-05,11.0,0.0
GCF_000163115_1_ASM16311v1_genomic,Brucella abortus,NZ_GG77,0.000235701,48.0,25.0
GCF_000366125_1_Bruc_abor_CNGB_752_V1_genomic,Brucella abortus,NZ_AQMA,0.0,3.0,0.0
GCF_000221005_1_ASM22100v1_genomic,Brucella pinnipedialis,NC_0158,0.000235701,2.0,0.0
GCF_004127195_1_ASM412719v1_genomic,Brucella canis,NZ_PZZA,0.000474086,54.0,4.0
GCF_000366785_1_Bruc_abor_NI645_V1_genomic,Brucella abortus,NZ_AQMW,0.0,4.0,0.0
GCF_000177155_1_ASM17715v1_genomic,Brucella sp,NZ_ADFB,0.0,113.0,12.0
GCF_000370185_1_Bruc_abor_78_14_V1_genomic,Brucella abortus,NZ_KB85,7.82718e-05,5.0,0.0
GCF_000365685_1_Bruc_abor_NI388_V1_genomic,Brucella abortus,NZ_AQMN,0.0,3.0,0.0
GCF_900417225_1_00-2529-3_genomic,Brucella melitensis,NZ_OWOS,0.000314862,30.0,0.0
GCF_003993955_1_ASM399395v1_genomic,Brucella melitensis,NZ_JZHI,0.0,26.0,0.0
GCF_002192095_1_ASM219209v1_genomic,Brucella melitensis,NZ_CP01,0.000235701,2.0,0.0
GCF_000413515_1_Bruc_ovis_IntaBari-2009-88-3_V1_genomic,Brucella ovis,NZ_ATHH,0.0,107.0,0.0
GCF_000365925_1_Bruc_ovis_IntaBari-2002-82-58_V1_genomic,Brucella ovis,NZ_AQIK,0.0,23.0,0.0
GCF_002290745_1_ASM229074v1_genomic,Brucella abortus,NZ_CP02,0.00112327,2.0,0.0
GCF_000370485_1_Bruc_abor_F6_05-9_V1_genomic,Brucella abortus,NZ_KB85,7.82718e-05,13.0,0.0
GCF_000600055_1_ASM60005v1_genomic,Brucella suis,NZ_CP00,0.0,2.0,0.0
GCF_002895125_1_ASM289512v1_genomic,Brucella melitensis,NZ_CP02,7.82718e-05,2.0,0.0
GCF_000366065_1_Bruc_ovis_IntaBari-2006-46-348_V1_genomic,Brucella ovis,NZ_AQIG,7.82718e-05,38.0,0.0
GCF_006507745_1_ASM650774v1_genomic,Brucella melitensis,NZ_QVZX,0.000235701,22.0,2.0
GCF_000366225_1_Bruc_suis_92_63_V1_genomic,Brucella suis,NZ_AQNV,0.000156838,2.0,0.0
GCF_900236435_1_Bru_genome23_genomic,Brucella melitensis,NZ_LT96,0.000474086,2.0,0.0
GCF_002192135_1_ASM219213v1_genomic,Brucella melitensis,NZ_CP01,0.000156838,2.0,0.0
GCF_000157715_1_ASM15771v1_genomic,Brucella abortus,NZ_DS99,0.000314862,13.0,4.0
GCF_000413535_1_Bruc_abor_biovar_4_68-3396P_V1_genomic,Brucella abortus,NZ_ATHG,0.0,4.0,0.0
GCF_002191615_1_ASM219161v1_genomic,Brucella melitensis,NZ_CP01,7.82718e-05,2.0,0.0
GCF_000370725_1_Bruc_meli_UK14_06_V1_genomic,Brucella melitensis,NZ_KB85,0.000314862,7.0,0.0
GCF_000298615_1_V1_0_of_Brucella_melitensis_bv_3_str_128_genomic,Brucella melitensis,NZ_AMPB,7.82718e-05,123.0,13.0
GCF_003984745_1_ASM398474v1_genomic,Brucella abortus,NZ_RXOK,0.0,45.0,4.0
GCF_000370385_1_Bruc_abor_F10_05-11_V1_genomic,Brucella abortus,NZ_KB85,0.0,4.0,0.0
GCF_000413575_1_Bruc_abor_biovar_1_84-0928_V1_genomic,Brucella abortus,NZ_ATHB,0.0,4.0,0.0
GCF_003965945_1_ASM396594v1_genomic,Brucella abortus,NZ_RXOI,0.0,38.0,4.0
GCF_003994155_1_ASM399415v1_genomic,Brucella abortus,NZ_JZHQ,7.82718e-05,16.0,0.0
GCF_006507495_1_ASM650749v1_genomic,Brucella melitensis,NZ_QVYL,0.000156838,29.0,3.0
GCF_900095085_1_14913_1_10_genomic,Brucella abortus,NZ_LT67,0.0,2.0,0.0
GCF_006507765_1_ASM650776v1_genomic,Brucella melitensis,NZ_QWAG,0.000156838,36.0,4.0
GCF_900491895_1_07-2859-6071_genomic,Brucella canis,NZ_UEXI,0.000394323,25.0,0.0
GCF_000366285_1_Bruc_abor_64_122_V1_genomic,Brucella abortus,NZ_AQLK,0.0,4.0,0.0
GCF_002191715_1_ASM219171v1_genomic,Brucella melitensis,NZ_CP01,0.0,2.0,0.0
GCF_000370965_1_Bruc_sp_F23_97_V1_genomic,Brucella sp,NZ_KB85,0.0,56.0,0.0
GCF_002191995_1_ASM219199v1_genomic,Brucella melitensis,NZ_CP01,0.0,2.0,0.0
GCF_001856365_1_ASM185636v1_genomic,Brucella melitensis,NZ_MIJQ,0.0,26.0,2.0
GCF_000698285_1_ASM69828v1_genomic,Brucella suis,NZ_CP00,7.82718e-05,2.0,0.0
GCF_001608425_1_BMEL003-SEQ-1-ASM-1_genomic,Brucella melitensis,NZ_LUFK,0.000314862,21.0,1.0
GCF_000940435_1_Brucella_melitensis_MY1483_09_genomic,Brucella melitensis,NZ_CDGE,7.82718e-05,28.0,0.0
GCF_000365765_1_Bruc_abor_F6_05-2_V1_genomic,Brucella abortus,NZ_AQMH,0.000156838,12.0,0.0
GCF_000371085_1_Bruc_suis_01-5744_V1_genomic,Brucella suis,NZ_KB85,0.0,6.0,0.0
GCF_000367285_1_Bruc_cani_CNGB_1324_V1_genomic,Brucella canis,NZ_AQMZ,0.000314862,2.0,0.0
GCF_001702335_1_ASM170233v1_genomic,Brucella melitensis,NZ_LDTW,0.000235701,32.0,3.0
GCF_000366165_1_Bruc_abor_CNGB_966_V1_genomic,Brucella abortus,NZ_AQMC,0.0,2.0,0.0
GCF_002192195_1_ASM219219v1_genomic,Brucella melitensis,NZ_CP01,0.000235701,2.0,0.0
GCF_006506625_1_ASM650662v1_genomic,Brucella melitensis,NZ_QWAR,0.000394323,25.0,4.0
GCF_900417235_1_00-2782_genomic,Brucella melitensis,NZ_OWOT,0.000156838,25.0,0.0
GCF_900236585_1_Bru_genome1_genomic,Brucella melitensis,NZ_LT96,0.000394323,2.0,0.0
GCF_006507685_1_ASM650768v1_genomic,Brucella melitensis,NZ_QVZU,0.000156838,24.0,3.0
GCF_000298595_1_V1_0_of_Brucella_melitensis_bv_1_str_133_genomic,Brucella melitensis,NZ_AMPA,7.82718e-05,173.0,31.0
GCF_001715445_1_ASM171544v1_genomic,Brucella canis,NZ_CP01,0.000156838,2.0,0.0
GCF_002191775_1_ASM219177v1_genomic,Brucella melitensis,NZ_CP01,0.000156838,2.0,0.0
GCF_002191835_1_ASM219183v1_genomic,Brucella melitensis,NZ_CP01,0.000156838,2.0,0.0
GCF_006506435_1_ASM650643v1_genomic,Brucella melitensis,NZ_QWAC,0.000156838,31.0,3.0
GCF_000366105_1_Bruc_abor_65_110_V1_genomic,Brucella abortus,NZ_AQLL,0.000235701,11.0,0.0
GCF_000740255_1_ASM74025v1_genomic,Brucella suis,NZ_CP00,0.000156838,2.0,0.0
GCF_900446095_1_59071_B01_genomic,Brucella melitensis,NZ_UIGG,0.000156838,4.0,0.0
GCF_002953595_1_ASM295359v1_genomic,Brucella melitensis,NZ_CP02,7.82718e-05,2.0,0.0
GCF_001856285_1_ASM185628v1_genomic,Brucella melitensis,NZ_MIJO,7.82718e-05,28.0,2.0
GCF_000413695_1_Bruc_abor_biovar_2_90-0737_V1_genomic,Brucella abortus,NZ_ATGT,0.0,4.0,0.0
GCF_002290685_1_ASM229068v1_genomic,Brucella abortus,NZ_CP02,0.000634523,2.0,0.0
GCF_000740395_1_ASM74039v1_genomic,Brucella melitensis,NZ_CP00,0.0,2.0,0.0
GCF_000371065_1_Bruc_sp_UK40_99_V1_genomic,Brucella pinnipedialis,NZ_KB85,0.000235701,42.0,0.0
GCF_006507365_1_ASM650736v1_genomic,Brucella melitensis,NZ_QWBS,0.000156838,26.0,2.0
GCF_000366445_1_Bruc_abor_88_226_V1_genomic,Brucella abortus,NZ_AQLT,7.82718e-05,3.0,0.0
GCF_001766475_1_ASM176647v1_genomic,Brucella melitensis,NZ_MKXK,0.000156838,49.0,4.0
GCF_003516085_1_ASM351608v1_genomic,Brucella melitensis,NZ_CP02,7.82718e-05,1.0,0.0
GCF_000413715_1_Bruc_abor_biovar_2_90-1280_V1_genomic,Brucella abortus,NZ_ATGS,7.82718e-05,4.0,0.0
GCF_003194875_1_ASM319487v1_genomic,Brucella abortus,NZ_QITZ,0.000156838,2.0,0.0
GCF_000370865_1_Bruc_meli_UK37_05_V1_genomic,Brucella melitensis,NZ_KB85,0.000235701,10.0,0.0
GCF_000742055_1_ASM74205v1_genomic,Brucella suis,NZ_KN04,7.82718e-05,1.0,0.0
GCF_002291385_1_ASM229138v1_genomic,Brucella abortus,NZ_CP02,0.000314862,2.0,0.0
GCF_006506095_1_ASM650609v1_genomic,Brucella melitensis,NZ_QVYJ,0.000156838,24.0,2.0
GCF_000366405_1_Bruc_abor_863_67_V1_genomic,Brucella abortus,NZ_AQLR,0.0,6.0,0.0
GCF_006506125_1_ASM650612v1_genomic,Brucella melitensis,NZ_QVYY,0.000156838,29.0,2.0
GCF_000742195_1_ASM74219v1_genomic,Brucella abortus,NZ_KN04,0.0,1.0,0.0
GCF_000365805_1_Bruc_abor_NI274_V1_genomic,Brucella abortus,NZ_AQML,0.0,7.0,0.0
GCF_003993855_1_ASM399385v1_genomic,Brucella melitensis,NZ_JZHE,7.82718e-05,26.0,0.0
GCF_002191275_1_ASM219127v1_genomic,Brucella melitensis,NZ_CP01,0.0,2.0,0.0
GCF_001307445_1_ASM130744v1_genomic,Brucella melitensis,NZ_LKED,0.0,41.0,3.0
GCF_003994015_1_ASM399401v1_genomic,Brucella melitensis,NZ_JZHF,7.82718e-05,26.0,0.0
GCF_003965935_1_ASM396593v1_genomic,Brucella abortus,NZ_RXOJ,0.0,50.0,6.0
GCF_000292185_1_ASM29218v2_genomic,Brucella canis,NZ_ALOJ,0.000394323,153.0,20.0
GCF_000369925_1_Bruc_abor_355_78_V1_genomic,Brucella abortus,NZ_KB85,7.82718e-05,4.0,0.0
GCF_000413755_1_Bruc_abor_biovar_1_01-0648_V1_genomic,Brucella abortus,NZ_ATGQ,0.0,5.0,0.0
GCF_000250815_1_ASM25081v2_genomic,Brucella melitensis,NZ_AHWD,7.82718e-05,79.0,4.0
GCF_006507065_1_ASM650706v1_genomic,Brucella melitensis,NZ_QVZO,0.000314862,38.0,3.0
GCF_000366245_1_Bruc_suis_94_11_V1_genomic,Brucella suis,NZ_AQNW,0.000156838,11.0,0.0
GCF_000292085_1_ASM29208v2_genomic,Brucella melitensis,NZ_ALOO,7.82718e-05,164.0,26.0
GCF_000370985_1_Bruc_sp_F5_06_V1_genomic,Brucella ceti,NZ_KB85,0.000314862,4.0,0.0
GCF_000480075_1_Bruc_abor_03-4923-239-D_V1_genomic,Brucella abortus,NZ_KI51,0.0,22.0,0.0
GCF_000177135_1_ASM17713v1_genomic,Brucella sp,NZ_ADFA,0.0,174.0,12.0
GCF_003194895_1_ASM319489v1_genomic,Brucella abortus,NZ_QITX,0.000156838,2.0,0.0
GCF_000370425_1_Bruc_abor_F5_04-7_V1_genomic,Brucella abortus,NZ_KB85,7.82718e-05,8.0,0.0
GCF_000022625_1_ASM2262v1_genomic,Brucella melitensis,NC_0124,0.0,2.0,0.0
GCF_000292005_1_ASM29200v2_genomic,Brucella suis,NZ_ALOK,0.000474086,290.0,41.0
GCF_002192035_1_ASM219203v1_genomic,Brucella melitensis,NZ_CP01,0.000235701,2.0,0.0
GCF_000370645_1_Bruc_meli_F1_06_B10_V1_genomic,Brucella melitensis,NZ_KB85,0.000235701,9.0,0.0
GCF_002763615_1_ASM276361v1_genomic,Brucella melitensis,NZ_CP02,7.82718e-05,2.0,0.0
GCF_001715485_1_ASM171548v1_genomic,Brucella melitensis,NZ_CP01,0.000314862,2.0,0.0
GCF_001856185_1_ASM185618v1_genomic,Brucella abortus,NZ_MIJI,7.82718e-05,26.0,2.0
GCF_001937795_1_ASM193779v1_genomic,Brucella melitensis,NZ_MKPZ,0.000235701,31.0,1.0
GCF_000366045_1_Bruc_ovis_IntaBari-2009-88-4_V1_genomic,Brucella ovis,NZ_AQIF,0.0,21.0,0.0
GCF_000008145_1_ASM814v1_genomic,Brucella abortus,NC_0069,0.0,2.0,0.0
GCF_006506005_1_ASM650600v1_genomic,Brucella melitensis,NZ_QVXW,0.000314862,30.0,3.0
GCF_002290665_1_ASM229066v1_genomic,Brucella abortus,NZ_CP02,7.82718e-05,2.0,0.0
GCF_002245205_1_ASM224520v1_genomic,Brucella melitensis,NZ_NGAD,7.82718e-05,38.0,3.0
GCF_003993875_1_ASM399387v1_genomic,Brucella melitensis,NZ_JZHL,0.000156838,26.0,0.0
GCF_006506465_1_ASM650646v1_genomic,Brucella melitensis,NZ_QWAD,0.000156838,28.0,2.0
GCF_900446135_1_58116_C01_genomic,Brucella ovis,NZ_UFUD,0.0,2.0,0.0
GCF_000209595_2_ASM20959v2_genomic,Brucella melitensis,NZ_AFFA,7.82718e-05,29.0,0.0
GCF_003994205_1_ASM399420v1_genomic,Brucella melitensis,NZ_JZHU,0.000235701,21.0,0.0
GCF_002204295_1_ASM220429v1_genomic,Brucella melitensis,NZ_NCRJ,0.0,39.0,3.0
GCF_000740155_1_ASM74015v1_genomic,Brucella abortus,NZ_CP00,0.000314862,2.0,0.0
GCF_000365825_1_Bruc_abor_NI492_V1_genomic,Brucella abortus,NZ_AQMO,0.0,4.0,0.0
GCF_000366745_1_Bruc_abor_NI613_V1_genomic,Brucella abortus,NZ_AQMR,0.0,6.0,0.0
GCF_002262955_1_ASM226295v1_genomic,Brucella melitensis,NZ_CP02,7.82718e-05,2.0,0.0
GCF_006507165_1_ASM650716v1_genomic,Brucella melitensis,NZ_QWAQ,0.000394323,90.0,3.0
GCF_000480175_1_Bruc_abor_89-2646-1238_V1_genomic,Brucella abortus,NZ_AXNA,0.000156838,4.0,0.0
GCF_004137325_1_ASM413732v1_genomic,Brucella abortus,NZ_SDWD,7.82718e-05,49.0,7.0
GCF_006505935_1_ASM650593v1_genomic,Brucella melitensis,NZ_QVXV,0.000235701,29.0,2.0
GCF_000698325_1_ASM69832v1_genomic,Brucella suis,NZ_CP00,0.0,2.0,0.0
GCF_000371205_1_Bruc_suis_F5_05-4_V1_genomic,Brucella suis,NZ_KB85,7.82718e-05,5.0,0.0
GCF_001856345_1_ASM185634v1_genomic,Brucella abortus,NZ_MIJL,0.000156838,27.0,4.0
GCF_002191395_1_ASM219139v1_genomic,Brucella melitensis,NZ_CP01,0.000314862,2.0,0.0
GCF_003994045_1_ASM399404v1_genomic,Brucella suis,NZ_JZHO,0.0,22.0,0.0
GCF_000413615_1_Bruc_abor_biovar_1_87-0095_V1_genomic,Brucella abortus,NZ_ATGZ,7.82718e-05,4.0,0.0
GCF_001401915_1_ASM140191v1_genomic,Brucella abortus,NZ_LIUB,0.000156838,19.0,0.0
GCF_006505995_1_ASM650599v1_genomic,Brucella melitensis,NZ_QVYI,0.000156838,32.0,2.0
GCF_002278735_1_ASM227873v1_genomic,Brucella melitensis,NZ_NQVI,0.000235701,50.0,7.0
GCF_900236415_1_Bru_genome48_genomic,Brucella melitensis,NZ_LT96,0.000474086,2.0,0.0
GCF_003984755_1_ASM398475v1_genomic,Brucella abortus,NZ_RXOG,0.0,58.0,4.0
GCF_002266745_1_ASM226674v1_genomic,Brucella melitensis,NZ_NGJQ,0.0,41.0,4.0
GCF_900417195_1_01-3016-5171_genomic,Brucella melitensis,NZ_OWOP,0.000156838,27.0,0.0
GCF_000370665_1_Bruc_meli_F10_06-16_V1_genomic,Brucella melitensis,NZ_KB85,0.0,3.0,0.0
GCF_000370925_1_Bruc_sp_56_94_V1_genomic,Brucella sp,NZ_KB85,0.0,4.0,0.0
GCF_000413495_1_Bruc_abor_biovar_1_76-1413_V1_genomic,Brucella abortus,NZ_ATHF,7.82718e-05,4.0,0.0
GCF_900446035_1_59071_C01_genomic,Brucella melitensis,NZ_UAQR,0.00112327,19.0,1.0
GCF_001511795_1_BVF965_genomic,Brucella ceti,NZ_LN99,0.020003,2.0,0.0
GCF_002191855_1_ASM219185v1_genomic,Brucella melitensis,NZ_CP01,7.82718e-05,2.0,0.0
GCF_004704905_2_ASM470490v2_genomic,Brucella abortus,NZ_SRJJ,0.000235701,23.0,3.0
GCF_000370805_1_Bruc_meli_UK29_05_V1_genomic,Brucella melitensis,NZ_KB85,0.0,3.0,0.0
GCF_900236455_1_Bru_genome44_genomic,Brucella melitensis,NZ_LT96,0.000474086,2.0,0.0
GCF_003994115_1_ASM399411v1_genomic,Brucella melitensis,NZ_JZHW,7.82718e-05,25.0,0.0
GCF_004127225_1_ASM412722v1_genomic,Brucella canis,NZ_PZZB,0.000394323,139.0,6.0
GCF_000988815_1_BMEL001-SEQ-1-ASM-1_genomic,Brucella melitensis,NZ_LBFG,0.000314862,16.0,4.0
GCF_006507915_1_ASM650791v1_genomic,Brucella melitensis,NZ_QWBB,0.000156838,36.0,5.0
GCF_000157775_1_ASM15777v1_genomic,Brucella suis,NZ_DS99,0.000235701,23.0,12.0
GCF_000370845_1_Bruc_meli_UK31_99_V1_genomic,Brucella melitensis,NZ_KB85,0.000314862,4.0,0.0
GCF_000370165_1_Bruc_abor_67_93_V1_genomic,Brucella abortus,NZ_KB85,0.000156838,5.0,0.0
GCF_003989875_1_ASM398987v1_genomic,Brucella melitensis,NZ_RZIB,0.000235701,35.0,6.0
GCF_000331655_1_Brucella_melitensis_043_genomic,Brucella melitensis,NZ_KB22,0.000394323,28.0,2.0
GCF_000158675_1_ASM15867v1_genomic,Brucella pinnipedialis,NZ_EQ99,0.000235701,15.0,4.0
GCF_000365725_1_Bruc_abor_F3_07-1_V1_genomic,Brucella abortus,NZ_AQMG,7.82718e-05,6.0,0.0
GCF_006507175_1_ASM650717v1_genomic,Brucella melitensis,NZ_QWAT,0.000314862,31.0,2.0
GCF_003991385_1_ASM399138v1_genomic,Brucella melitensis,NZ_RWIG,0.000156838,8.0,2.0
GCF_001401935_1_ASM140193v1_genomic,Brucella abortus,NZ_LITV,7.82718e-05,13.0,0.0
GCF_000367105_1_Bruc_sp_UK5_01_V1_genomic,Brucella pinnipedialis,NZ_AQNS,0.000235701,34.0,0.0
GCF_000245875_1_Bruc_abor_bv1_NI474_V1_genomic,Brucella abortus,NZ_JH60,0.0,3.0,0.0
GCF_000366425_1_Bruc_abor_88_19_V1_genomic,Brucella abortus,NZ_AQLS,7.82718e-05,4.0,0.0
GCF_000369965_1_Bruc_abor_600_64_V1_genomic,Brucella abortus,NZ_KB85,7.82718e-05,5.0,0.0
GCF_000480155_1_Bruc_suis_97-9757_V1_genomic,Brucella suis,NZ_AXMY,0.0,25.0,0.0
GCF_002191535_1_ASM219153v1_genomic,Brucella melitensis,NZ_CP01,0.000235701,2.0,0.0
GCF_000192725_1_ASM19272v1_genomic,Brucella melitensis,NC_0172,7.82718e-05,2.0,0.0
GCF_002290765_1_ASM229076v1_genomic,Brucella abortus,NZ_CP02,0.000235701,2.0,0.0
GCF_001937805_1_ASM193780v1_genomic,Brucella melitensis,NZ_MKPV,7.82718e-05,29.0,0.0
GCF_900092405_1_10RB9215v1_genomic,Brucella sp,NZ_LT59,0.0,2.0,0.0
GCF_900236545_1_Bru_genome36_genomic,Brucella melitensis,NZ_LT96,0.000474086,2.0,0.0
GCF_001938175_1_ASM193817v1_genomic,Brucella melitensis,NZ_MNBO,0.000156838,33.0,2.0
GCF_000370265_1_Bruc_abor_84_26_V1_genomic,Brucella abortus,NZ_KB85,7.82718e-05,4.0,0.0
GCF_001702375_1_ASM170237v1_genomic,Brucella melitensis,NZ_LDTY,0.000235701,36.0,3.0
GCF_001401945_1_ASM140194v1_genomic,Brucella abortus,NZ_LITW,0.000235701,14.0,0.0
GCF_000938035_1_Brucella_melitensis_Phil1136_12_genomic,Brucella melitensis,NZ_CDGF,7.82718e-05,28.0,0.0
GCF_000740195_1_ASM74019v1_genomic,Brucella abortus,NZ_CP00,0.0,2.0,0.0
GCF_006507015_1_ASM650701v1_genomic,Brucella melitensis,NZ_QVZJ,0.000156838,37.0,3.0
GCF_003194885_1_ASM319488v1_genomic,Brucella abortus,NZ_QITW,0.000156838,2.0,0.0
